'id','NewsText','label'
3103,'Kowane kamfanin waya na da lambobi na musamman da ake amfani da su wajen aiwatar da sadarwa tsakanin wata waya da wata wayar salula ta hanyar manhajar SMS',
3120,'  Wadannan lambobi dai guda 13 ne',
3137,'  Misali, na kamfanin Etisalat su ne: +2348090001518, na kamfanin MTN kuma: +234803000000, na kamfanin kuma su ne: +234802000009',
3154,'  Wadannan lambobi ana samunsu ne a bangaren tsare-tsaren aika sakonnin SMS na jikin kowace wayar salula, wato "Message Settings"',
3171,'  Sai dai kuma, ba da su wayar ke zuwa ba,   Asali suna cikin katin SIM ne',
3188,'  da zarar ka shigar da katin SIM a cikin wayar da ka sayo, nan take sai wayar ta nado su, don taimaka maka aiwatar da sadarwa cikin sauki',
3222,' Duk sadda kayi ta kokarin aika sakonnin tes, ana ce maka ba a samu, alhali a jikin wayarka ta nuna an aika, to, hakika akwai matsalar lambobin cibiyar aika sakonni',
3239,'  Ta yiwu sadda kake wasa da wayar a wasu lokuta ko yara sun dauka suna ta tabe-tabe, har suka goge lamba ko sama da haka daga cikin lambobi 13',
3256,' Muddin basu cika 13 ba, ko kuma aka goge wani aka sa wanda ba daidai ba, har abada ba za ka iya aika sakonnin tes ba',
3273,'  Sai a kiyaye',
3290,'  Amma idan aka duba aka tabbatar da lambobin daidai suke, kuma ga sakonni sun ki zuwa, to, akwai matsalar yanayin sadarwa (Network Problem), ko kuma babu isasshen kudi a wayar',
3307,'  Sai a rika lura',
3324,' A karshe, yana da kyau mai karatu ya lura cewa, sakonnin tes sun fi kira irin na murya hadari idan lalura ta taso',
3341,'  Da farko, da zarar ka matsa "Send", sakon ya tafi',
3358,'  Ko da kuwa ka ga an rubuta: "Sending", watakila kace bari in tsayar, aikin banza ne',
3375,'  Kai, ko da cire batirin wayar kayi a yayin da ake aikawa, duk aikin banza ne',
3392,'  Sakon ya riga ya tafi tuni',
3409,'  Idan ka aika sako, ana iya ciro sakon daga kwamfutocin kamfanin wayarka a kowane lokaci ne',
3426,'  Sannan ko da kuwa ka goge sakon a wayarka, yana nan a jikin kwamfutocin kamfanin waya',
3443,'  Za a iya ganinsa, tare da lokacin da ka aika, da kuma mizanin sakon, da lokacin da sakon ya dauka kafin ya isa wayar wanda aika masa',
3460,'  Don haka sai a kiyaye wajen rubuta abin da za a aika',
3477,' Cikin shekarar da ta gabata ne aka gabatar da wani kuduri a majalisar dattawa na kasa, wadda ke neman majalisar ta amince a rika amfani da sakonnin tes da na Imel a matsayin sheda a kotu',
3494,'  Har yanzu ba a gama tattaunawa kan wannan kuduri ko ba',
3511,'  Idan aka amince da wannan kuduri, hakan zai nuna cewa sakonnin tes sun zama amintacciyar hanyar tabbatar da hujja kenan a kotu a ko a wajen jami''an ''yan sanda',
3528,'Mu''amala da Fasahar Intanet',
3545,' Daga cikin hanyoyin aiwatar da sadarwa da samun bayanai a wayar salula musamman irin na zamani, akwai fasahar Intanet',
3562,'  Wannan fasaha ce mai tasiri matuka a duniya yanzu',
3579,'  Farkon bayyanar  fasahar Intanet ta ta''allaka ne kawai da kwamfuta',
3596,'  Ma''ana, ta hanyar kwamfuta kadai ake iya mu''amala da fasahar',
3613,'  To amma shekaru kasa da 15 da suka gabata zuwa yau, an samu hanyoyin ginawa da kuma bayyana shafukan Intanet ta wayar salula, cikin sauki, da kuma inganci',
3630,'  Wannan hanya tana da matukar muhimmanci sosai',
3647,'  Domin mai waya zai iya karanta labarai, da taskance su, da kuma ganinsu, duk ta wayarsa',
3664,'  Sannan zai iya aika sakonnin Imel ta wannan hanya, da kuma karban sakonnin, duk ta wayar salalularsa',
3681,'  Hakan na yiwuwa ne dangane da yanayin girma, da fadi, da kuma ingancin wayarsa',
3698,' Kafin a iya mu''amala da fasahar Intanet a wayar salula, dole ne ya zama tana da ka''idar sadarwar wayar iska ta Intanet, wato "Wireless Application Protocol," ko "WAP" a gajarce',
3715,' Wannan ka''ida ce ke taimakawa wajen hada alaka tsakanin wayar salula da giza-gizan sadarwa na duniya, wato: "World Wide Web"',
3732,' Kana iya gane hakan idan ka je "Menu", ka gangara kasa, ka ga "Web" ko "Internet" ko kuma "Browse"',
3749,'Ya danganci tsarin wayar da kamfanin daya kera',
3766,'  Da zarar ka ga tambari mai dauke da dayan wadancan tambari guda uku, to lallai wayar za ta iya shawagi a giza-gizan sadarwa na duniya',
3783,'  Daga nan kuma sai abu na uku, wato kudin lilo da tsallake-tsallake',
3800,'  Ma''ana, ya zama akwai kudi a cikin wayarka',
3817,'  Domin da zarar ka shiga Intanet, nan take kamfanin waya zai fara diban nasa rabo daga abin da ke cikin taskar ajiyarka a waya',
3834,' Abu na karshe da ake bukata kafin iya mu''amala da fasahar Intanet a waya shi ne, tsare-tsaren kamfanin sadarwa, wato: "Network Configuration," ko kuma "Configuration Settings"  Wannan kuma daga kamfanin waya ne	',
3851,' Galibin lokuta wayar salula kan karbi wadannan tsare-tsare ne daga kamfanin waya kai tsaye, da zarar ka shigar da katin SIM cikin wayarka a karo na farko, ko a duk sadda ka cire ka sake mayarwa Musamman ma katin SIM din kamfanin Etisalat	',
3885,'  Musamman ma katin SIM din kamfanin Etisalat  Hakama na MTN ko Glo ko Airtel',
3902,'  To amma idan wayarka ''yar kasar Sin ce, wato: "China Phone",  wannan kam dole sai an sa wadannan tsare-tsare da hannu, wato: "Manual Configuration"',
3936,'Duk da cewa akwai wayoyi irin na kamfanin "TECNO" wadanda ke iya karbar wadannan tsare-tsaren kamfanin waya kai tsaye',
3953,'  To, amma idan aka yi rashin sa''a ba ta karba kai tsaye ba, ta kuma iya sarrafa su ba, to dole sai an dangana da masu gyaran waya don su taimaka su shigar da hannu',
3970,' Sannan kana bukatar adireshin gidan yanar sadarwar da za ka shiga, muddin ta waya ne,   Wannan ya danganci bukatarka',
3987,'  Illa dai, galibin gidajen yanar sadarwar da ake shigansu ta wayar salula adireshinsu kan canza',
4021,'  Misali, idan kana son shiga shafin Dandalin Facebook ta waya, adireshin shi ne: www.facebook.com/mobile, ko kuma http://mfacebook,   Amma asalin adireshin shi ne: www.face.com',
4038,'  To amma idan ka shigar da na asalin ma, nan take ka''idar da ke lura da aiwatar da sadarwa ta wayar salula za ta fahimci cewa ta waya kake kokarin shiga, nan take kuma za ta karkatar da kai zuwa shafin da ya dace da fuskar wayar salula idan har gidan yanar sadarwar da kake kokarin shiga ya tanadi shafi makamancin haka',
4140,' A Najeriya kamfanonin waya na da gidajen yanar sadarwarsu, inda za ka iya shiga daga wayar salularka, don mika kokenka ko kuma amfanuwa da masarrafan da suka tanada wa masu mu''amala da katinsa',
4157,'  Har wa yau, wasu kamfanonin (kamar Etisalat) sun tanadi masarrafar mu''amala da Dandalin Facebook na musamman, don masu amfani da katinsa',
4174,'  Idan kana amfani da layin Etisalat ne, da zarar ka shiga shafin https://9mobile.com.ng/  nan take za a ce maka, ka saukar da manhajar Facebook na musamman don mu''amala da fasahar Intanet ba tare da ka kashe ko sisin kwabo ba',
4191,'  Kamfanin Suna yin haka ne don sawwake wa masu amfani da waya hanyoyin ta''ammali da fasahar Intanet  Kamar sauran ayyukan waya masu bukatar yanayin sadarwar kamfanin waya, mu''amala da fasahar Intanet a jumlace, ba kyauta bane',
4225,'  Idan ka sa kudi a cikin katin wayanka, ka fara shiga shafukan Intanet, za a fara cire kudi ba kakkautawa',
4259,'  Iya yawan shafukan bayanan da ka budo a shafukan da ka ziyarta, iya yawan kudin da za a cire',
4276,'  Idan shafukan da ka shiga akwai hotuna da bidiyo, to, za a cire kudi mai dimbin yawa',
4293,'  Domin hotuna da bidiyo suna wakiltar mizanin bayanai ne mai yawa, musamman ma dai bidiyo   Haka ma sauti',
4310,'  Idan ka shiga shafin BBC harshen Hausa ka fara sauraren shirye-shiryensu, za a cire maka kudi sosai,   Sai ka shirya',
4344,' Sai dai kuma ta la''akari da ganin cewa jama''a kan so mu''amala da fasahar Intanet amma suna tsoron yawan kudin da za a cire musu, kamfanonin waya a Najeriya sun bullo da tsare-tsare daban-daban',
4378,'  Misali, kamfanin MTN kan bayar da kyautar mizanin bayanai miliyan goma (10MB) a duk sadda ka loda katin 400 misali',
4395,'  Kamfanin Etisalat ya bullo da tsarin EasyMega, inda za ka sa naira dubu daya, ka shigar, sai a baka mizanin bayanai miliyan 500 cikin wata guda',
4412,'  Ko ka sa naira 500, a baka mizanin bayanai miliyan 200 a wata guda',
4429,' Haka akwai tsarin da idan ka sa katin 200 a duk mako, kamfanin zai baka kyautar mizanin bayanai miliyan 15 a mako guda',
4446,'  Duk wadannan tsare-tsare ne da suka bullo da su don saukake mu''amala da fasahar Intanet ta wayar salula, kuma don su ma su samu yawaitan kwastomomi cikin sauki Hanyar kasuwanci ce',
4463,'Sai dai ba kowace waya ce za ka iya mu''amala da fasahar Intanet don kawai kana da kudi a katin wayarka ba',
4497,'  Wayar salula nau''in BlackBerry suna bukatar tsari ne na musamman; irin tsarin da ake kira BlackBerry Internet Service (BIS), kamar yadda bayanai suka gabata a baya',
4514,'  Ma''ana, ko naira miliyan daya kake da shi a katin wayarka ba za ka iya mu''amala da Intanet ba sai ka nemi kamfanin waya ya dora ka kan tsarin "BIS", sai ya zare kudin daga katin wayarka, sannan ya dora ka a kan tsarin',
4531,'  Misali, kamfanin Etisalat na karban naira 3,000 ne a duk wata kan tsarin "BIS"',
4548,'  Idan ka sa kudin a katin wayarka, sai ka matsa *499*1 sai "hash"',
4565,'  Da zarar ka sa za su zare kudin, sai su mika lambar wayar "BlackBerry" dinka ga kamfanin "Research In Motion (RIM)", wato kamfanin da ke kera wayoyin kenan, don ya jona ka',
4582,'  Idan kayi rajista a wannan tsari, za ka iya mu''amala da fasahar Intanet a kowane lokaci, na tsawon lokacin da kake so, har na kwanaki 30, ba tare da tsangwama ba',
4599,'  Babu iyaka kan mizanin bayanan da za ka yi ta''ammali da su   Da hotuna, da bidiyo, da sauti, duk kana iya mu''amala da su, wajen gani, da saurare, da saukarwa a wayarka duk sadda ka so',
4616,'  Haka idan wayarka irinsu "iPhone" ne, kana iya zuwa kamfanin wayarka, sai su dora ka kan wani tsari na musamman da zai sawwake maka kudin mizanin bayanai, don ka amfana da wayar sosai',
4650,'Idan ana ta''ammuli da fasahar Intanet a wayar salula ya kamata a lura da wasu abubuwa masu muhimmanci',
4667,'  Abu na farko shi ne, ba kowane shafin Intanet ya burgeka za ka kutsa ciki ba,   Akwai shafukan da ke dauke da kwayoyin cutar wayar salula, wato "Virus"',
4684,'  Sai ka gama kashe kudi wajen masu gyara a karshe ace maka ai ga abin da ke damunta',
4769,' Abu na biyu shi ne, ba kowane bidiyo, ko hoto, ko kuma shafi ya burgeka za ka saukar (Downloading) a wayarka ba',
4786,'  Akwai hoton da shi kanshi kwayar cuta ce   Saukar da shi a ma''adanar wayarka hadari ne ga rayuwarta baki daya',
4803,'  Abin da ke faruwa shi ne, galibin masu gina manhajar kwayar cutar kwamfuta don sharri a Intanet ko don leken asiri, sukan kirkiri masarrafa na musamman ne don yin hakan, amma kai za ga hoto ne, ba jakar bayanai irin wacce aka saba gani a matsayin masarrafa ba',
4854,'  Idan ka dauki irin wannan hoto ka loda wa wayarka, sai Allah   Sai a kiyaye',
4871,'  Abu na uku, ga masu mu''amala da jama''a a Dandalin Abota musamman na Facebook, kun dai ji irin abin da ke faruwa, musamman lamarin wata matashiya ''yar wani babban hafsan Soji da aka kashe kwanakin baya a Legas, duk ta Facebook aka fara alakar',
4905,'  Ba kowane mutum za ka yi abota ta kut-da-kut da shi ba, ko kawance na kut-da-kut da ita ba',
4922,' Ya kamata ka san waye shi ko ita tukun, kafin a kai ga matsayin aminantaka',
4939,'  Matsalar matasanmu ita ce, muna da saurin amincewa mutane, musamman mata, don   Irin wannan matsala ce mai girma,   Musamman ga mutumin da baka taba gani ba, baka taba sanin hakikaninsa ba, sannan baka gamsu da dabi''unsa ba',
4956,'Ba cewa ake ka zargi duk wanda ka gani ba, a a',
4973,' Abu na hudu shi ne, mu kiyayi bata lokacinmu wajen rubuta zantukan da ba su da amfani a shafinmu na Intanet ko na Facebook ',
5024,'Wannan bai kamaci mai hankali ba,   Ace ka bata lokaci kana ta surutai marasa amfani gare ka da sauran jama''a',
5041,'  Ka sani, a lokacin da kake hakan, kana bata lokacinka ne, wanda ba zai taba dawowa ba,   Kana bata batirin wayarka ne, wanda ba za ka kara dawo da shi ba',
5075,'  Sannan Kana kuma bata ingancin rayuwarka ne, wajen salwantar da fahimtar da ta kamata a ce ka ciyar wajen ciyar da kanka ko al''umma gaba',
5109,'  Sai mu kiyaye Mu''amala da Fasahar "Bluetooth"',
5126,' Daga cikin nau''ukan hanyoyin sadar da bayanai ta wayar salula masu matukar tasiri, akwai fasahar sadarwa ta Bluetooth',
5160,'  Kusan duk mai amfani da wayar salula a Najeriya yanzu ya san fasahar Bluetooth, ko da a baki ne',
5177,'  Kuma duk da cewa muna yawan amfani da wannan fasaha wajen aika sakonni musamman lambobin waya da sauti da kuma bidiyo, kadan daga cikinmu ne suka san asalin wannan fasaha da tsarin mu''amala da ita',
5194,' A shekarun baya mun gabatar da kasidu guda biyu kan fasahar Bluetooth, a yau ma ga mu dauke da takaitattun bayanai kan fasahar, da tsarin amfani ita',
5211,' A kimiyyance dai, idan aka ce “Bluetooth”, musamman ma a wannan zamani namu, ana nufin wani tsari ne ko fasahar sadarwa da ke kunshe cikin kayayyakin sadarwa na zamani irin su wayar salula da sauran na''urorin sauraren wakoki da sarrafa bayanai (kamar iPod, da iPad), wanda ake iya aikawa ko karban jakunkunan bayanai da suka shafi haruffa da sauti da murya (irin na wakoki da karatuttuka da laccoci) ko hotuna; masu motsi (Video) ko daskararru, a tsakanin wadannan kayayyakin sadarwa',
5228,' Wannan ita ce ma’anar “Bluetooth” a fayyace',
5245,'  Sadarwa a tsarin Bluetooth na yiwuwa ne ta hanyar neman wayar salular wanda kake son aika masa, a iya tazaran da bai wuce taku talatin ba (30ft), ko kuma nisan mita goma (10 meters)',
5262,'  A iya wannan tazara, idan ka kunna fasahar Bluetooth din ka, to duk wanda nasa ke kunne a iya kadadar wannan tazara ko zango, za ka same shi da zarar ka nemo, har kuma ka iya aika masa da sako',
5279,'  Wannan fasahar sadarwa ta samo asali ne shekaru kusan 13 da suka gabata, lokacin da wasu kamfanonin kayayyakin fasahar sadarwa guda biyar suka kafa wata kungiya na masu sha’awar ci gaban yadawa da kuma sawwake hanyar sadarwa a tsakanin kayayyakin sadarwa, mai suna Special Interest Group, ko SIG a takaice',
5296,'  Sun yi haka ne cikin shekarar 1998',
5313,'  Kuma a karshen shekarar 1999 ne suka cin ma matsaya kan wannan fasahar sadarwa, inda suka zabi sunan wani sarki da yayi zamani a karni na goma a nahiyar Turai mai suna Harold Bluetooth, suka ba wannan sabuwar hanyar sadarwa da suka kirkira',
5330,'  To me ye dalilin zaban sunan wannan sarki?',
5347,' Shi dai Sarki Harold Bluetooth, wani basarake ne da yayi rawan gani a tsakanin kasashen Turai wajen iya sasanta kasashe lokacin yaki',
5364,'  Rawan ganinsa na karshe shi ne wanda ya taka wajen sasanta kasar Norway da Sweden bayan sun dauki tsawon shekaru suna gwabza yaki a tsakaninsu',
5381,'  Ta la’akari da tsarin hada alaka wajen karba da mika bayanai a tsakanin kayayyakin fasahar sadarwa, wanda kuma shi ne aikin wannan sabuwar fasaha da kungiyar ta kirkira, sai ta zabi kiran wannan sabuwar fasahar sadarwa da sunan wannan sarki',
5398,' Babbar ka’idar da ke lura da wannan sadarwa, a kimiyyance ita ce ka’ida ta "802", wacce Cibiyar Injiniyoyin Lantarki ta kasar Amurka, wato IEEE (Institute of Electrical and Electronics Engineers) ta kirkira cikin shekarar 1994',
5415,'  Wannan Cibiya ita ke da alhakin tsarawa da kuma kirkiran ka’idojin sadarwa a tsakanin kayayyakin fasahar sadarwa na tafi-da-gidan ka (Mobile Devices) masu amfani da tsarin sadarwar wayar-iska, wato "Wireless Communication" a duk duniya',
5449,' Fasahar sadarwa ta Bluetooth ta shahara sosai a duniya, kuma babban dalili shi ne kasancewarta a jikin wayoyin salula',
5466,' Kamar yadda bayani ya gabata a sama, wannan fasahar sadarwa an kirkiro ta ne cikin shekarar 1998, aka kuma lakkaba mata sunan wannan sarki a karshen shekarar 1999',
5483,' Daga nan aka fara kiran wannan kungiya ta kamfanonin sadarwa da sunan "Bluetooth Special Interest Group (Bluetooth SIG)", wato kungiyar masu kebantacciyar sha’awar bunkasa fasahar "Bluetooth"',
5500,'  Mambobinta na asali guda biyar ne, amma kafin karshen 1999, sun kai 400',
5517,'  A farkon shekarar 2000 sai aka fitar da nau’in farko na wannan fasahar sadarwa, wato Bluetooth v1',
5534,'0, wanda aka fara shigarwa cikin wayoyin salula a shekarar 2001',
5551,'  Cikin wannan shekara ne kuma aka shigar da fasahar cikin beran kwamfuta, wato "Computer Mouse", da kwamfutar tafi-da-gidanka, wato "Laptop", da hanyar shigar da bayanai na "tsarin Universal Serial Bus (USB Port)"',
5568,'  Wannan shekara ta 2001 bata karkare ba sai da aka kirkiri rediyon kunne, wato "Headset" mai dauke da wannan fasaha ta "Bluetooth"',
5585,' Ana shiga shekarar 2002, sai ga na’urar buga bayanai ta kwamfuta, wato Computer Printer, mai dauke da fasahar Bluetooth, da kuma na’urar daukan hoto ta zamani, wato Digital Camera, ita ma dauke da wannan na’ura',
5602,'  A wannan shekara ne har wa yau, aka kaddamar da wannan kungiya ta "Bluetooth SIG"',
5619,'  Da aka shiga shekarar 2003, ai sai zamani ya ci gaba da bin fasahar "Bluetooth" sau-da-kafa',
5636,' Sai ga na’urar sauraran wake ta zamani, wato "MP3 Player" ita ma dauke da wannan fasaha ta" Bluetooth"',
5653,'  A wannan shekarar ne aka fitar da wani sabon nau’in wannan fasaha, wato "Bluetooth v1"',
5670,'  A karshen shekara, sai aka lura cewa a duk mako, akan fitar da kayayyakin fasahar sadarwa masu dauke da wannan fasaha a kalla miliyan daya',
5687,'  Wannan ya nuna tsananin tasirin wannan fasaha da karbuwan da ta samu',
5704,' Da aka shigo sabuwar shekarar 2004, sai kungiyar "Bluetooth SIG" ta fitar da sabon nau’i mai taken "Bluetooth v2.0"  wanda ingancinsa wajen sadarwa ya dara nau’ukan baya',
5721,'  A wannan shekara ne aka tabbatar da cewa akwai a kalla kayayyakin fasahar sadarwa masu dauke da wannan fasaha ta Bluetooth sama da miliyan 250, kuma a duk mako a kalla akan fitar da sababbin kayayyakin fasahar sadarwa dauke da Bluetooth, sama da miliyan uku',
5755,'  Kafin shekarar ta kare kuma, aka kirkiri rediyon kunne irin na zamani, wato Stereo Headphones, su ma dauke da wannan fasaha ta sadarwa',
5772,' Da shekarar 2005 ta kunno kai sai aka samu kari wajen yawan kayayyakin fasahar sadarwa da ake kerawa da fitarwa a duk mako, daga miliyan uku a shekarar 2004, zuwa miliyan biyar',
5789,'  A wannan shekara ne yawan kamfanonin sadarwa da ke kungiyar "Bluetooth SIG" ya cika dubu hudu, daga dari hudu da ake dasu a karshen shekarar 1999',
5806,'  Har wa yau, cikin wannan shekara ne aka kaddamar da manyan cibiyoyin wannan kungiya ta "Bluetooth SIG" a manyan birane/kasashe hudu; da "Washington", da "Malmo", da "Sweden", da kuma "Hong Kong"',
5823,'  Kafin shekarar ta yi wafati, sai ga kirkirarren gilashin ido, wato "Sunglass", shi ma dauke da wannan fasaha ta "Bluetooth",   Babban Magana, wai dan sanda ya ga gawar soja!  ',
5840,' Da aka shigo shekarar 2006, ai sai ga agogon hannu, shi ma dauke da wannan fasahar sadarwa',
5874,'  A shekarar ne har wa yau aka tabbatar da cewa akwai kayayyakin fasahar sadarwa a kalla biliyan daya da  ke dauke da wannan fasaha ta Bluetooth, kuma a kalla duk mako ana kerawa da kuma fitar da kayayyakin fasahar sadarwa miliyan goma, masu dauke da wannan fasaha',
5891,'  Wannan ke dada nuna mana irin karbuwa da kuma habbaka da wannan fasahar sadarwa ke samu kuma take yi a duniya',
5908,'  A karshe dai, ana shiga shekarar 2007, sai aka kirkiro akwatin talabijin mai dauke da wannan fasaha',
5925,'  A shekaran ne mambobin wannan kungiya ta Bluetooth SIG suka cika dubu tara, daga dubu hudu da aka samu a shekarar 2005',
5942,' An kuma tabbatar da cewa a duk mako akan samu a kalla kayayyakin fasahar sadarwa miliyan 800 da ake kerawa ko fitarwa kasuwa, masu dauke da wannan fasaha ta Bluetooth',
5959,'  Kusan kashi saba’in na wadannan kayayyakin sadarwa, wayoyin salula (Cell phones) ne da kuma na’urar sauraron wakoki irin na kunne, wato Headset',
5976,' Cikin wannan shekara ne dai har wa yau, aka fitar da wani sabon nau’i, wanda ya kere nau’ukan baya wajen ingancin sadar da bayanai Wannan nau’i shine "Bluetooth V2.1" kuma tsari da kuma kimtsin da aka yi masa na dauke ne cikin wani kundi mai shafuka 1,400 da ‘yan kai',
5993,'  Kuma zuwa karshen shekarar 2007 ne kungiyar ta kaddamar da mujallarta mai suna "SIGnature Magazine", wanda ke fitowa a duk bayan watanni uku',
6044,'  Ta kuma yi wannan sanarwa ne a babban taronta na shekara-shekara da take yi, wanda aka yi a birnin Vienna, babban birnin kasar Austria',
6061,' Akwai ka’idoji masu dama da suka shafi tsarin sadarwa ta Bluetooth, amma guda hudu kawai za mu kawo, don su ne masu siffata mana mafi karancin tsarin da ake bukata kafin hada alaka a tsakanin kayayyakin fasahar sadarwa masu dauke da Bluetooth',
6078,'  Da farko dai, wannan fasahar sadarwa na amfani ne da tsarin aikawa da sakonni ta siginar rediyo, wato "Radio Frequency Waves" (RFW), wanda a ilimin fasahar aikawa da sakonni ta zamani ake wa lakabi da "Spread Spectrum"',
6095,'Wannan tsari na "Spread Spectrum" shi ne tsarin da ke aikawa da sakonni ta hanyar nemo siginar rediyon mai alaka da abokin huldansa, daga mafi karancin zango, sai ya yalwata siginar zuwa zango mafi fadi don sawwake hanyar sadarwan',
6112,'  Wannan tsari na dauke da manyan ka’idoji guda hudu da ke sawwake wannan sadarwa; akwai  "Baseband Protocol" (BP), wato ka’idar da ke haddasa samuwar siginar rediyo (Radio Frequency Waves) don tabbatar da yanayin sadarwa a lokacin da mai son sadarwa ke bukata',
6129,'  Hakan kuma na faruwa ne daga lokacin da ka kunna na’urar Bluetooth da ke jikin wayar salularka, don nemo abokin hulda da ke da wannan tsari a wayarsa',
6146,' Sai ka''ida ta biyu, wato "Link Manager Protocol (LMP)", wadda ke yin aikinta da zarar "Baseband Protocol" ta gama nata aikin',
6163,'  Shi "Link Manager Protocol" aikinsa shi ne haifar da sadarwa a tsakanin wayar salula da wata wayar mai dauke da Bluetooth, don tabbatar da tsarin sadarwan',
6180,'  Wannan ka’ida ce har wa yau ke tabbatar da tsaro ga jakar bayanai da ake son aikawa a tsakanin kayayyakin fasahar sadarwan biyu',
6197,'  Daga nan kuma sai ka’ida ta gaba, wato "Logical Link Control & Adaptation Protocol" (L2CAP), wacce ke kacalcala bayanan da ake son aikawa daga wayar da ake son aikawa da su, zuwa irin yanayin da suka dace a aika dasu',
6214,'  Idan masu karatu basu mance ba, wannan aiki shi kwamfuta ke yi a zangon "Presentation Layer", kamar yadda bayani ya gabata a kasidar Tsarin Aikawa da Sakonni a Tsakanin Kwamfutoci (2)',
6231,'  Za a kacalcala bayanan ne, don sawwake tsarin aikawa dasu',
6248,'  Da zarar sun isa masaukinsu a daya bangaren, akwai ka’idar da za ta gyatta su zuwa yanayinsu na asali',
6265,'  Har wa yau, wannan ka’ida ce ke tabbatar da samun yanayin aikawa da sako mai inganci',
6282,' Sai kuma ka’ida ta karshe, wato "Service Discovery Protocol (SDP)", wacce ke zakulo maka dukkan wata wayar salula da ke dauke da fasahar Bluetooth da zarar ka nemo, ta kuma nuna maka sunan da mai wayar ya bata ko kamfanin da ya kirkiri fasahar ya bata',
6299,'  Wannan ka’ida ce ke hada alakar idan ka zabi wacce kake son aika mata',
6316,'  Misali idan akwai wayoyin salula guda biyar masu kunne da Bluetooth a yayin da kake neman abokin huldanka, za ka gansu duka, da sunayen su, sai ka zabi wacce kake son hulda da ita',
6333,'  Idan ka zaba, wannan ka’ida ce ke yi maka barbaran wacce kake nema, kai tsaye',
6350,'  Wadannan, a takaice, su ne shahararrun ka’idojin aikawa da kuma karban sakonni ta hanyar sadarwa ta Bluetooth, a kimiyyance',
6367,'  A yanzu ga yadda yanayin ke kasancewa, a zahiri',
6384,'Tsarin aikawa da sako ta hanyar Fasahar Bluetooth abu ne mai sauki',
6401,' Idan kana son aikawa da sako ta Bluetooth, abu na farko shine “neman” wayar salular da kake son aika mata da sakon',
6418,'  Wannan shi ake kira Searching, a turancin fasahar sadarwa',
6435,'  Da zarar ka yi wannan, ka’idar da ke lura da wannan aiki zata nemo maka wadanda ta hararo maka su, kai tsaye',
6452,'  Dole ya zama suna tazarar da bai wuce taku talatin ba (30 Feets) ko mita goma (10 Meters) daga inda kake',
6469,'  In sun wuce wannan tazara, ba za ka taba hararo su ba',
6486,'  Idan aka hararo maka su, za ka samu bayanan da suke dauke dasu, ko kuma sunayen da masu su suka basu',
6503,'  Da zarar ka nemo wayar da kake son hulda da ita, sai ta sanar da mai wayar cewa ana neman sa, sai ya amince, ta hanyar matsa “Accept”',
6520,'  Idan ya amince maka, sai wayarka ta nemo ka’idojin da suka dace ta bi wajen aika sakon, ta kuma lika wa wannan waya da ta barbaro, alamar da za ta sheda ta wajen aika mata sakon',
6537,' Daga nan, sai kuma ta kara binciko cikin wancan wayar, don tabbatar da dacewa da wannan alama da ta lika mata',
6554,'  A ka’ida, dukkan wayar salula ko kayan fasahar sadarwar da take iya saduwa da wata ta wayar iska, na dauke ne da suna da ke cikin rukunin lambobi, wanda ta kebanta dasu; kamar yadda kwamfuta ke dauke da lambobin IP, wato Internet Protocol Address',
6571,'  To idan wayarka ta nemo sunan wannan waya da take son saduwa da ita, ta tabbatar da sunanta, sai ta bata suna na musamman, sannan sai ta nemo kogo (Port) mafi sauki da za ta iya aikawa da sakon, ba tare da mishkila ba',
6588,' Da zarar ta nemo, sai ta fara barbara, don sheida wa wancan wayar salula, cewa ‘gani nan tafe’',
6605,'  Idan aka amsa mata, sai ta fara aikawa, kai tsaye',
6622,'  Idan ta gama aikawa, sai ta rufe wannan hanya, tare da yanayin sadarwan',
6639,' Ita kuma wacce ake barbara, da zarar sakon neman alfarma ya zo mata, sai ta taimaka wajen nemo ka’idar da za ta yi wannan aiki na karban sako',
6656,' In ta nemo, sai kuma ta zabi kogon (Port) da zai karbi wannan sako, don shigar mata',
6673,'  Gama wannan aiki ke da wuya, sai ta fara sauraron sakon',
6690,'  Da zarar an turo, sai ta karba kai tsaye',
6707,'  Idan sakon ya shigo kogon da aka tanada masa kafin zuwa, sai ita wannan waya da ta karba ta rufe kofofin da ta bude da farko, don cika sadarwa',
6724,'  Duk wannan na faruwa ne cikin lokacin da bai wuce dakiku ashirin ba',
6741,'  Illa kawai aikawa da sakon ne ya danganta da yawan mizanin sakon; idan mai yawa ne, zai dauki lokaci',
6758,'  Idan kuma kadan ne, nan da nan sai a gama',
6775,'  Wannan tsari na aikawa, a yayin da ake aikawa din, shi ake kira Pairing, ko kuma Point to Point Communication (ko P2P, a lafazin ilimin aikawa da sako ta zamani',
6792,'Daga cikin alfanun da ke tattare da fasahar sadarwa ta Bluetooth akwai saukin aikawa da sakonni ba tare da ka kashe ko sisi ba',
6809,'Ko da babu taro a wayarka kana iya aikawa da sakonni',
6826,'  Abu na biyu shi ne, kana iya aikawa da lambobin waya ga wani ta hanyar fasahar Bluetooth',
6843,'  A daya bangaren kuma, fasahar Bluetooth na iya maye maka gurbin masarrafar MMS, wajen aikawa da lambobi, ko aikawa da hotuna, ba sai lalai ta hanyar MMS ba, wanda hakan zai iya ci maka kudi, musamman idan wanda za ka aika masa a kusa yake da kai',
6860,' Har wa yau, fasahar Bluetooth na iya hada ka mu''amala wajen musayar bayanai da wasu kayayyaki ko na''urorin sadarwa masu dauke da fasahar, a iya tazarar da hakan zai iya faruwa',
6877,'  Misali, idan kana da wayar salula mai dauke da wakoki ko karatuttuka ko wasu jakunkunan bayanai na sauti da kake son saurare alhali kana tuki ko kana wani abu daban da ba ya bukatar shagala, kana iya samun lasifikar mota mai dauke da fasahar Bluetooth sai kawai ka nemo lasifikar ta wayar, ka saurari duk abin da kake son saurare ba tare da matsala ba',
6894,'  Haka idan kana son buga wasu hotuna da kake dasu a wayarka, kana iya amfani da na''urar dab''i mai fasahar Bluetooth (Bluetooth Printer), daga inda kake zaune, ka buga dukkan hotunan da kake son dabba''awa, ko bugawa ba tare da matsala ba',
6911,' A duk sadda ka nemi wayar wani ta wayarka don musayar bayanai da wayarsa, wajen karba ko aikawa, kuma ka kasa samunsa, ta yiwu bai kunna fasahar Bluetooth dinsa bane',
6928,'  Idan har a kunne take, to, watakila tazarar da ke tsakaninku ta wuce mita 10, sai a lura',
6945,'  Idan tazarar ba ta wuce mita 10 ko taki 30 ba, to ta yiwu akwai matsala da dayan wayoyin biyu',
6962,'  Sai kowannenku ya kashe fasahar Bluetooth dinsa, ya sake kunnawa',
6979,'  Idan abin ya ki, a kashe wayar a sake kunnawa',
6996,'  Duk yadda aka yi sai an dace',
7013,'  Idan aka gano wacce ke da matsala daga cikin wayoyin biyu; an kashe Bluetooth an sake kunnawa, bai yi ba',
7030,'  An kashe wayar, an sake kunnawa, abu bai yi ba, to, akwai matsalar da ke da alaka da babbar manhajar wayar',
7047,'  Don haka sai a goge tsare-tsaren wayar ta hanyar "Resetting',
7064,'"  A je "Menu," a gangara "Security," sai a karaso "Factory Settings',
7081,'"  Idan aka matsa eh, wayar za ta koma sabuwa kamar yadda aka siyo ta',
7098,'  Duk tsare-tsaren da aka mata za su share, amma lambobi da bayanan  sauti da bidiyo suna nan lafiya lau',
7115,'  Amma duk hoton da ka sa a fuskar wayar zai share',
7132,'  Haka duk muryar da ka sa a matsayin sautin wayar (Ringing Tone), zai share',
7149,'  Da haka in Allah Ya so fasahar Bluetooth din za ta dawo yadda take, kamar yadda aka siyo wayar a farkon lokaci',
7166,' A gaskiya fasahar Bluetooth na cikin masarrafan da basu cika samun matsala ba a wayar salula, duk yadda aka kai da amfani da su kuwa',
7183,'  Sai dai idan mutum ya cika tsokale-tsokale a wayarsa',
7200,'  Bayan tsarin aika sakonni na SMS, fasahar Bluetooth na biye wajen inganta karbuwar wayar salula a hannun jama''a a duniya baki daya',
7217,'Mu''amala da Fasahar Infra-red',
7234,' Kafin bayyanar fasahar sadarwa ta Bluetooth tsakanin shekarar 1998 zuwa 1999, galibin wayoyin salula na amfani ne da fasahar sadarwa ta Infra-red, wadda ita ma mun gabatar da kasida guda tun shekaru 4 da suka gabata a wannan shafi',
7251,'  Duk da cewa a yau an daina kera wayoyin salula masu fasahar Infra-red, amma har yanzu akwai wasu da ke dauke da masarrafar, wadanda aka kera a baya',
7268,'  Ko da ma babu su, ilimi dai ba ya tsufa',
7285,'Kalmar Infra-red dai kalma ce mai tagwayen bangarori biyu da aka kago daga harshen Latin da Turancin Ingilishi',
7302,'  Kalmar Infra, Latin ce, kuma tana nufin "Kasa da…", kalmar Red kuma kamar yadda muka sani, harshen Turanci ce da ke nufin "Launin Ja…"',
7319,'  Abin da wannan ke nufi shi ne, Infra-red fasahar sadarwa ce da ake amfani da ita wajen aiwatar da sadarwa ta hanyar launi kasa da launin ja',
7336,'  Wannan launi kuwa na samuwa ne a jerin launuka bakwai da ke tsarin maimaituwan haske da ake kira Electromagnetic Wave, a harshen kimiyyar Fiziya na zamani',
7353,' An fara amfani da wannan nau’in sadarwa ne a kayayyakin fasahar sadarwa cikin  shekarar 1994, amma kafin nan, ana amfani da ita ne wajen kera na’urar hangen nesa, da wajen magance cututtuka da kuma daukan hotuna daga sararin samaniya',
7370,' Haka ma na’urar Remote Control da muke amfani da ita wajen sarrafa akwatin talabijinmu, duk da makamashin Infra-red aka gina ta',
7387,'  A takaice ma dai, bayanai sun nuna cewa an yi amfani da makamashin Infra-red cikin yake-yaken da aka yi ta gwabzawa a yakin duniya na biyu',
7404,'Hukumar da ta kirkiro wannan tsari na kayan fasahar sadarwa kuma ita ce Infra-red Development Association (IrDA)',
7421,'  An shigar da nau’in fasahar Infra-red cikin kayayyakin fasahar sadarwa irin su wayar salula; kana iya aikawa da sakonnin lambobin waya da katittika daga wayarka zuwa wayar abokinka; kana iya aikawa da hotuna, da kuma jakunkunan sauti na wakoki ko karatuttuka da sauran bayanai',
7438,'  Haka ma an shigar da wannan nau’in sadarwa cikin na’urar daukan hoto ta zamani (Digital Camera)',
7455,'  Bayan ka dauki hotuna, kana iya aikawa da su ta wannan hanya; kana iya aikawa dasu cikin kwamfutarka, ko kuma na’urar sawwara hotuna ko bayanai, wato Scanning Machine, don ta bugo maka su waje ka gani',
7472,'  Haka na’urar sawwara hotuna daga ma''adanansu ta asali zuwa bayanai na haske, wato Scanning Machine, tana dauke da wannan fasaha, kuma kana iya shirya alaka tsakaninta da kwamfutarka, don aika mata da hotuna ko bayanai ta sawwara maka su nan take',
7489,' Sabanin fasahar Bluetooth, sadarwa a tsakanin kayayyakin fasahar sadarwa masu dauke da makamashin Infra-red ya sha banban',
7506,'  Ba a bukatar doguwar tazarar da ta  gota taku uku, ko kuma mita guda',
7523,'  Wannan shi yayi daidai da digiri talatin (30 Degrees)',
7540,'  Har wa yau, fasahar Infra-red na iya aiwatar da sadarwa ne idan ya zama babu wani shamaki komai kankantarsa tsakanin kayayyakin sadarwa biyu',
7557,'  Idan akwai shamaki, ko da na kaurin silin gashi ne, sadarwa  ba ta yiwuwa',
7574,'  Amma sabanin yadda muka dauka, cewa sai an hada wayar salula jiki-jiki kafin a iya aikawa da sako ta Infra-red, ba haka abin yake ba',
7591,'  Idan an yi haka ba komai, amma ba ka’ida bace cewa  dole sai ta haka za a iya sadarwa',
7608,'  Har wa yau, fasahar sadarwa ta Infra-red ta dara Bluetooth a wurare da dama; ba ka bukatar sai  ka nemi abokin huldanka ta hanyar barbaran wayar salularsa, a a',
7625,'  Da zarar ya kunna tasa shi kenan',
7642,'Amma fasahar Bluetooth dole ne ka bata lokaci wajen neman abokin hulda da kuma barbaran wayarsa',
7659,'  Haka na’urar Infra-red ta fi gaugawa wajen sadar da bayanai, wannan tasa za ka iya aikawa da mizanin bayanai mai yawa cikin kankanin lokaci, sabanin Bluetooth uwar saibi da nawa; duk kwaskwariman da ake ta mata shekara-shekara',
7676,'  Wannan ya faru ne saboda ka’idar da ke taimaka wa Infra-red sadarwa, wato "Very Fast Infra-red Protocol" (VIFR Protocol) ta shallake wacce ke isar ma Bluetooth, nesa ba kusa ba',
7693,' A daya bangaren kuma, wannan bai sa Bluetoth ta gaza ba kwata-kwata;  sadarwa ta Bluetooth ba ta bukatar dole sai masu sadarwa na tsaye cif, ba motsi',
7710,'  Kana iya kunna Bluetooth dinka, ka sa wayarka cikin aljihu, ka ci gaba da harkokinka alhali wani na karban sako daga gareka',
7727,'  Haka fasahar Bluetooth ba ta saurara wa shamaki; ko da shamaki ko babu, kana iya aiwatar da sadarwa kai tsaye',
7744,'  Ka ga kowa da nashi ranar kenan',
7761,'  A cewar masana ci gaban fasahar sadarwa ta zamani a lokutan baya, zai yi wahala wani ya doke wani daga kasuwa',
7778,'  Domin kowanne daga cikinsu na da nashi siffa wacce abokin mukabalarsa ba shi da ita',
7795,'  A takaice dai kowanne na da fagensa, kuma za su ci gaba da habaka lokaci-lokaci, iya gwargwadon yadda  bincike ko mu’amala da su ya kama',
7812,' To amma, ga dukkan alamu, fasahar Bluetooth ta ci nasara kan Infra-red, domin a yanzu an daina kera wayoyin salula masu dauke da Infra-red sai Bluetooth',
7829,'  Akwai alamar dai kungiyar da ke lura da habaka fasahar Bluetooth ta fi tasiri wajen samar da kirkire-kirkiren ci gaba a fannin sadarwa',
7846,'Mu''amala da Fasahar GPRS',
7863,' Daga cikin hanyoyin aiwatar da sadarwa wajen karba da aikawa akwai tsarin General Packet Radio Service, ko GPRS a gajarce',
7880,'  Sai dai sabanin sauran fasahohin sadarwar da suka gabata (Bluetooth da Infra-red), fasahar GPRS ba a iya gani',
7897,' Wani tsari ne ko kintsin hanyar sadarwa da ke cikin ruhin wayar salula da aka tsofa mata, tun ran gini',
7914,' Tsarin sadarwa ta fasahar GPRS ita ce hanyar da ta kunshi aikawa da kuma karbar sakonnin da ba na sauti ko murya ba, tsakanin wayar salula da wata waya ‘yar uwarta',
7931,'  Wadannan sakonni da ake iya aikawa ta hanyar GPRS dai su ne rubutattun sakonnin tes (SMS) ko Imel ko mu’amala da fasahar Intanet ta hanyar wayar salula ko kuma tsarin kira ta hanyar bidiyo (video call)',
7948,'  Wannan tsari na sadarwa na cikin sababbin tsare-tsaren da wayoyin salular da aka kera cikin zamani na biyu (2nd Generation Phones) suke dauke dasu',
7965,'  Kuma ita ce hanya ta farko da ta fara bayyana wacce ke sawwake sadarwar da ta shafi rubutattun sakonni da na bidiyo da kuma mu’amala da fasahar Intanet',
7982,'  Amma kafin nan, tsofaffin wayoyin salula na amfani ne da hanya kwaya daya wajen aikawa ko karbar dukkan nau’ukan sakonni',
7999,'  Idan kana magana da wani, to, ko da an aiko maka rubutacciyar sako, baza ta shigo ba sai ka gama magana sannan ta iso',
8016,'  Idan kana son aikawa da rubutacciyar sako kuwa, ta hanyar aikawa da murya za ka aika, kuma da zarar ka fara aikawa, layin zai toshe babu wanda zai iya samunka, sai lokacin da wayar ta gama aikawa sannan za a iya samunka',
8033,'  Wannan ya faru ne saboda wayoyin salula na zamanin farko (1st Generation Phones) na amfani ne da layin sadarwa guda daya rak',
8050,'  Wannan tsari shi ake kira Circuit Switched Data (CSD)',
8067,'  Karkashin wannan tsari, kamfanin sadarwarka zai caje ka ne iya tsawon lokacin da sakonka ya dauka kafin ya isa, wanda kuma mafi karancin lokaci shi ne dakiku talatin (3o seconds)',
8084,' To, amma da tsarin sadarwa ta wayar iska na GSM ta bayyana, sai aka samu fasahar GPRS, wacce ke amfani da layin aikawa da karbar rubutattun sakonni kai tsaye tsakaninta da wata wayar',
8101,'  Hakan kuma na samuwa ne musamman idan wayar na dauke da fasahar Wireless Application Protocol, wato WAP, wacce ita ce ka’idar da ke tsara sadarwa a tsakanin kwamfuta da wayar salula, ta hanyar wayar iska',
8118,'  Karbar sakonnin text ko Imel ko kuma mu’amala da fasahar Intanet ta hanyar GPRS shi yafi sauki da kuma sauri wajen mu’amala',
8135,'   Sai dai kuma wannan tsari na GPRS na cikin nau’ukan hanyar sadarwa da kamfanin sadarwa ne ke bayar dasu, wato Network Service',
8152,'  Wannan ke nufin idan wayarka na da WAP, ko kuma tsarin mu’amala da fasahar Intanet, to kana iya amfani da ita kai tsaye wajen shiga Intanet',
8169,'   Kuma da zarar ka yi haka, kamfanin sadarwarka zai caje ka kudin zama a kan layi',
8186,'Tsarin sadarwa ta GPRS na amfani ne da wasu hanyoyi masu zaman kansu wajen aikawa da sakonni',
8203,'  Wannan tsari shi ake kira Multiple Access Method a harshen kimiyyar sadarwar zamani',
8220,'  Ta amfani da wannan tsari, wayarka na iya karban sakonnin Imel ko tes, a yayin da kake magana da wani',
8237,'  Sai dai kawai ka gansu sun shigo',
8254,'  Kana iya karbar rubutattun sakonni fiye da daya a lokaci guda',
8271,'  Hakan ya faru ne saboda tsarin na amfani ne da hanyoyi fiye da daya wajen karba ko aikawa da wadannan sakonni',
8288,'  Ba ruwansa da layin da kake karbar sakonnin kira na sauti, sam',
8305,'  Sai dai kuma, mu a nan galibi, kamfanonin sadarwarmu na amfani da ita ne kawai don bayar da damar shiga ko mu’amala da fasahar Intanet',
8322,' Idan fara mu''amala da fasahar Intanet a wayarka, za ka an rubuta kalmar "GPRS" a sama daga hannun dama',
8339,'  Idan kana cikin lilo a duniyar Intanet sai aka kira ka, layin zai dakata, har sai ka gama tukun',
8356,' Kamfanonin sadarwar tarho dinmu duk suna da wannan tsari na GPRS, amma kamar yadda na zayyana a sama, idan ba wayoyin salula na musamman irinsu BlackBerry ba, ba a iya amfani da ita sai wajen shiga Intanet kadai',
8373,'   Amma a sauran kasashe ana amfani da wannan tsari wajen karba da aikawa da sakonnin tes, da sakonnin Imel da kuma yin hira da abokinka ta hanyar gajerun sakonni, wato Instant Chat',
8390,' Dangane da nau’in wayar salula, akwai yanayin sadarwa iri uku ta amfani da fasahar GPRS',
8407,'  Akwai wayoyin salula masu karfin karbar kira na sauti ko murya da kuma karba ko aikawa da sakonnin tes, duk a lokaci guda',
8424,'  Ma’ana, kana magana sannan kana rubuta sakon tes, idan ka gama rubutawa, ka aika da shi nan take, ba tare da layin da kake magana da abokinka ya yanke ba',
8441,'  Wadannan wayoyin salula sune ke martaba na farko, a sahun wayoyin salula masu amfani da fasahar GPRS, watau Class A kenan',
8458,'  Har wa yau su ne nau''ukan wayoyin salula masu amfani da babbar manhajar wayar salula ta Symbian, ko Windows Phone, ko Android, ko kuma iOS na kamfanin Apple',
8475,'  Su ne nau''ukan da ke iya bayar da daman mu''amala da masarrafar waya sama da guda daya a lokaci daya, wato Multitasking kenan',
8492,' Sai kuma wadanda ke biye dasu, wato Class B, wadanda idan kana amfani da fasahar GPRS, ta amfani da Intanet ko sakonnin tes, sai kira ya shigo, to wayar za ta tsayar da wancan layin da kake karbar sako ko kake mu’amala da Intanet, don baiwa layin da ke karbar kira damar sadar da kai da wanda ke kiranka',
8509,'   Wadannan sune kusan kashi hamsin cikin dari na ire-iren wayoyin da ake amfani dasu a yanzu',
8526,'  Sai nau’i na karshe, wato Classs C, wadanda idan kana son amfani da fasahar GPRS, to dole sai ka shiga cikin wayar, ka saita ta da kanka',
8543,'  Da zarar ka saita ta, to, ba wanda zai iya samunka, sai in ka gama abinda kake yi, ka sake saita ta zuwa layin karbar kira na sauti ko murya (Voice Call)',
8560,'Wannan fasahar sadarwa ta GPRS dai na cikin fasahohin da suka kara wa wayar salula tagomashi da kuma karbuwa a duniya',
8577,'Domin ta sawwake hanyoyin yadawa da karbar sakonni ba tare da mushkila ba',
8594,'Kana iya mu''mala da fasahar Intanet',
8611,'  Kana iya aikawa da sakonnin hotuna ko bidiyo ko sauti ta tsarin Multimedia Message Service, wato MMS',
8628,'  Sai dai kuma a lura, duk sakon da ka aika, za a caje ka',
8645,'  Haka duk lokacin da ka shiga giza-gizan sadarwa ta duniya don yin lilo, za a caje ka',
8662,'  Iya dadewarka, iya yawan kudin da za a diba daga layin wayarka',
8679,'  Bayan haka, har yanzu kamfanonin waya basu gama daidaitawa ba a tsakaninsu wajen aikawa da karbar hotuna ko sakonnin Imel ko sauti ko bidiyo ta hanyar fasahar GPRS',
8696,'  Ma''ana, a yanzu za ka iya aikawa da hoto ta tsarin MMS mai amfani da fasahar GPRS daga layin MTN ne kadai zuwa wani layin MTN din',
8713,'Amma ba za ka iya aikawa zuwa layin Etisalat ko Glo ko Airtel ba',
8730,'Haka yake a sauran layukan',
8747,'  Kowa ba ya iya karba daga wani, sai tsakanin layukansa',
8764,'Taskance Bayanan Sirri',
8781,' Wayar salula ma''adanar sirri ce, amma ga wanda ya iya adana, ya kuma san tsarin adanawa da taskancewa',
8798,'  Kowace wayar salula na iya baka damar taskancewa (ta hanyar rubutu), da kuma adanawa (ta hanyar masarrafai) ga duk abin da kake ganin sirri ne a gare ka',
8815,'  Da farko dai, akwai tsarin kariya (Security Features) da kowace wayar salula ke zuwa da shi',
8832,' Kana iya kulle maballan wayarka, ya zama ba za a iya yin kira ba ko ganin dukkan bayanan da ke cikin wayar ba sai da yardarka',
8849,'  Wannan na samuwa ta tsarin Keypad Lock, wanda kowace wayar salula ke da shi; komai kankanta da rashin tsadarta kuwa',
8866,' Bayan haka, akwai masarrafai na musamman da ake taskance bayanai da su, irin su Notes, da kuma Active Notes wadanda suka shahara a wayoyin Nokia',
8883,'  Sannan akwai Diary kamar yadda wasu wayoyin salula kan kira shi',
8900,'  A wayoyi nau''in BlackBerry akwai Memo Pad, da Tasks, wadanda za a iya samunsu a jakar Applications; duk kana iya taskance bayanan sirri da su',
8917,'  Bayan wadannan, akwai tsarin kariya da kowace waya ke bayarwa don kulle ma''adanar waya (Phone Memory) da katin ma''adanar waya (Memory Card) ta yadda babu wanda zai iya isa ga bayanan da ke cikinsu sai da kalmomin izinin shiga, wato Password',
8934,' Nau''ukan bayanan da za a iya taskancewa da adanawa dai sun hada da adireshin Imel, da kalmomin izinin shiga, da lambobin ajiyar banki (Bank Account Details), da adireshin wurare, da duk wani bayani mai muhimmanci ga mai waya',
8951,'  Nau''ukan bayanan ba su da iyaka; ya dangancin irin muhimmancin da suke da shi ga mai wayar, ko irin muhimmancin da ya basu',
8968,'  Har wa yau kana iya taskance hotuna, da bidiyo, da sakonnin tes da lambobi ta yadda ba mai isa gare su sai da izininka',
8985,'  Don haka, wayar salula kamar lalita ce',
9002,'  Sai dai kuma, yana da kyau mu san cewa, kowace lalita fa, wasu lokuta tana lalata',
9019,' Don kariya daga rasa dukkan bayanan da ka taskance sanadiyyar matsalolin da ka iya samun wayarka ba da sani ko so ba, yana da kyau kayi tanadi',
9036,'  Duk abin da ka san ka taskance shi a wayarka, to yana da kyau ka samu makwafinsa a wani wuri',
9053,'  Na farko dai idan zai yiwu, ka sake taskance su a katin SIM dinka, musamman idan lambobi ne ko sakonnin tes',
9070,'  Da zarar waya ta samu matsala, kana iya zare katin SIM dinka ka dora a wata wayar don samun makwafinsu',
9087,'  Idan a katin ma''adanar waya ne sai ka samu wani katin daban, ka taskance su a ciki',
9104,'  Idan kuma a masarrafar waya ne sakonnin suke taskance, irin su Notes, ko Active Notes da dai sauransu, sai ka saukar da manhajar mu''amala da wayar, wato Phone Suite ko Nokia Suite idan Nokia ce',
9121,'  Idan sabuwa ce wayar ka saya, duk kana iya zuwa gidan yanar sadarwar kamfanin da ya kera wayar, ka saukar da manhajar da ake mu''amala da wayar da ita',
9138,'  Da zarar ka yi haka, sai ka loda manhajar a kwamfuta, sannan ka jona wayarka da kwamfutar, ka bude manhajar, ka je masarrafar makwafin bayanai, wato Phone Backup, ko Data Backup, ko duk wani suna da yayi kama da haka, don taskance dukkan bayanan da ke cikin masarrafan wayarka, cikin sauki',
9155,'Mu''amala da Manhajar Tunatarwa/Farkarwa',
9172,' Wayar salula bata zo don ba ka daman kira da amsa kira ko rubuta sakonnin tes kadai ba, har da taimaka maka wajen samar da tsari a rayuwarka',
9189,'  A matsayinka na musulmi, kana iya amfani da wayar salula wajen tunatar da kanka duk abin da kake son yi a rayuwa; daga lokacin sallah zuwa lokacin tashi a barci cikin dare, ko rana, ko yamma',
9206,'  Akwai manhajar tunatarwa na musamman da dukkan wayoyin salula ke zuwa da ita',
9223,'Sai dai abin bakin ciki bamu cika damuwa da ire-iren wadannan abubuwa ba',
9240,'  Abin mamaki, da yawa daga cikinmu na amfani da kashi 30 cikin 100 ne na alfanun da ke tattare da wayoyinmu',
9257,'  Amma duk da haka da mun ga wata sabuwa, sai muyi caraf muna neman sake saya',
9274,'  Shin, kafin ka sayi wata, ka gama kure karfi da kudurar wacce kake tare da ita ne?  Shin, mai karatu ma ya taba yi wa kansa wannan tambayar kuwa kafin  ya canza waya?',
9291,' Akwai manhaja ta musamman mai suna Reminder, ko Alarm',
9308,'  Ba su kadai ba, kana iya ayyana abin da za ka yi nan da kwanaki ko watanni, ka sa wayar ta tunatar da kai ta hanyar sauti ko bayyana rubutacciyar tunatarwa a shafin wayarka',
9325,'  Da zarar lokacin ya yi za ta tunatar da kai babu jinkiri',
9342,'  Kana iya sa duk irin sautin da kake son wayar ta tunatar da kai',
9359,'  Har wa yau kana iya amfani da Kalandar wayar, wato Calendar, ko kayi amfani da manhajar farkarwa, wato Alarm, don nusar da kai abin da kake son yi; cikin dare ne ko rana, ko duk lokacin da kake so',
9376,' Idan kana bukatar tunatarwa cikin dare, sai ka je cikin Menu, ka shiga manhajar agogo (Clock) ko manhajar tunatarwa/farkarwa (Alarm), ka shigar da lokacin da kake son a farkar da kai',
9393,'  Idan da karfe biyu kake son a farkar da kai, sai ka sa lokacin',
9410,'  Daga nan za a tambayeka yanayin tunatarwa; shin, da sauti za a tunantar da kai ko da gunji (Vibration)?  Sai ka zaba',
9427,' In da sauti ne, za a bukaci ka zabi sautin da kake son a tunatar da kai da shi',
9444,'  Sannan za a tambayeka; shin, kana son a rika maimaita maka tunatarwar, ko a a?  In kace eh, za a tambayeka tazarar lokacin da kake son idan aka maimaita, a sake maimaitawa',
9461,'  Wannan shi ake kira Snoozing',
9478,'  Idan aka farkar da kai da karfe biyu, sai bacci ya rinjayeka, za a sake farkar da kai da karshe biyu da minti biyar misali, nan ma idan baka farka ba, sai a sake farkar da kai da karfe biyu da minti goma, har dai zuwa lokacin da ka farka',
9495,' Idan kuma tunatarwa ce kake son a maka, don yin wani abu a wata rana ko lokaci, kana iya sa tunatarwar ta zama da minti biyar ko goma ko ashirin, kafin lokacin abin, don ka samu shiryawa ba tare da ka makara ba',
9512,'  Duk wadannan hanyoyin tsari ne na rayuwa',
9529,'  Sannan kana iya hada dukkan bayanan da ke da alaka da yin wani abu, wadanda ka taskance su a manhajar Notes ko Active Notes misali, wadanda kuma suka danganci wani sha''ani, misali biki, ko tafiya, ko ziyara, su zama kamar tunatarwa',
9546,'  Idan kayi haka, da zarar lokacin yayi, nan take bayanan za su bayyana a shafin wayarka, tare da sautin tunatarwa idan ka sa',
9563,'  Abin da za ka kiyaye shi ne, idan ka san kana da saurin firgita, to, kada ka sa wayarka ta rika tunatar da kai ko farkar da kai ta hanyar gunjin waya, wato Vibrating',
9580,'Lura da Yanayin Sadarwa (Network)',
9597,'Yanayin sadarwa shi ne sinadarin sadarwa baki daya',
9614,'  Idan babu shi, to ba a iya aiwatar da kira ko amsa shi',
9631,'  Yana da matukar muhimmanci a jikin wayar salula',
9648,'  Wayoyin salula na wannan zamani suna zuwa ne da tsarin kalato yanayin sadarwa guda biyu',
9665,'  Na farko shi ne na kai tsaye, wanda wayar da kanta take kokarin nemo yanayin sadarwar, don tabbatar da mai waya ya samu damar aiwatar da kira da amsa kira ko aika sakon tes ko aiwatar da duk wani abin da ke ta''allake da yanayin sadarwar kamfanin wayar',
9682,'  Wannan tsari na kai tsaye shi ake kira Automatic Network Searching',
9699,'  A daya bangaren kuma akwai tsari da neman yanayin sadarwa da hannu',
9716,'  Wannan shi ake kira Manual  Network Searching',
9733,'  Idan kana son ganin kowannensu sai ka je Menu, ka gangara Settings, ka shiga Phone Settings, sannan ka matsa Network, nan za ka ga Automatic',
9750,'  Idan ka matsa, za a bude maka shafi inda za ka iya canzawa daga tsarin kai tsaye zuwa tsarin  nemo yanayin sadarwa da hannu, wato Manual kenan',
9767,'Akwai alama da ke nuna samuwa ko bacewar yanayin sadarwa a fuskar kowace waya',
9784,' Ita ce alamar doguwar sandar da ke tsaye a bangaren hagu, a galibin wayoyin salula',
9801,'   A wasu wayoyin kuma alamar na siffar Dala ne, a hannun dama',
9818,'Musamman a wayoyi nau''ukan BlackBerry da sauran manyan wayoyin salula na zama',
9835,'  Ala ayyi halin dai, za a samu alamar ne gab da sunan kamfanin waya a shafin wayar salula',
9852,'  Idan yanayin sadarwa yayi kasa, za a ga sandan ya ragu',
9869,'  Idan kuma ya karu sandan zai kara tsayi har ya daki iya tsawonsa',
9886,' Amma a wasu lokuta kuma za ga alamar a cike, amma kuma ka kasa samun layi don kira',
9903,'  Duk wannan na daga cikin kebantattun matsalolin tsarin sadarwa ta waya-iska, wato Wireless Communication',
9920,' Duk sadda ka bukaci yin kira amma ka kasa, alhali ga alamar yanayin sadarwa a cike, to, kana iya canza tsarin nemo yanayin sadarwa, ta hanyar shiga Menu, zuwa Settings, a gangara Phone Settings, sai a matsa Network',
9937,'  Daga nan sai a canza daga Automatic zuwa Manual',
9954,'  Da zarar an zabi Manual, nan take wayar za ta kama nemo yanayin sadarwa kai tsaye, sai ta samu',
9971,'  Idan ta gama nema, za ta budo dukkan sunayen kamfanonin wayoyin salula da ke da yanayin sadarwa a muhallin da mai waya yake, sai ka zabi na kamfaninka',
9988,'  Idan aka gwada wannan dabara amma abu yaki, to, ana iya kashe wayar, sai a sake kunnawa',
10005,'  In Allah yaso za a  dace',
10022,'  Idan hakan ma yaki, to, akwai alamar matsalar gamammiya ce',
10039,'  Daga nan sai a hakura, a ci gaba da gwadawa lokaci zuwa lokaci, har a dace',
10056,'Manhajar Wasannin Wayar Salula',
10073,' Manhajar wasanni, wato Games suna daga cikin abubuwan da wayoyin salular zamani ke zuwa da su',
10090,'  Babbar dalilin samuwarsu dai ba ya wuce samar da nishadi ga mai wayar salula',
10107,'  Akwai nau''ukan wasanni daban-daban a cikin wayoyin salula',
10124,' Idan kai mai sha''awar ire-iren wadannan manhajoji ne, kana iya amfana da su sosai',
10141,'  Daga cikin manyan alfanun da ke tattare dasu akwai wasa kwakwalwa, da kuma karin ilimi da sanin mahangar rayuwa',
10158,'  Amma sai dai yana da kyau mai karatu ya sani, kada ya bata lokacinsa wajen shagala da wadannan manhajoji, musamman idan akwai wasu abubuwa masu amfani da suke bukatar hankalinsa',
10175,'  Sannan bayan haka, yawan amfani da wadannan manhajoji na wasanni suna cinye batirin wayar salula cikin gaggawa, saboda tasirinsu wajen karin aikin masarrafar wayar a lokaci takaitacce',
10192,'Tsarin Lura da Wayar Salula',
10209,' Wayar salula kamar sauran kayayyakin amfani ne na gida ko na wajen aiki; suna bukatar a rika lura da su, in kuwa ba haka ba, sai su rasa tagomashi da kimarsu, ko su salwanta tun lokacin salwantarsu bai yi ba',
10226,'  Abin da wannan sashe zai duba ya kunshi tsarin kunna wayar salula, da kashe wayar salula, da adanawa a yayin da mai wayar ke yin wani abu daban, da sanya wayar a caji don tabbatar da ci gaban karfinta wajen ba mai ita damar sarrafa ta ba tare da matsala ba',
10243,'  Sauran al''amuran sun shafi tsarin shigarwa da mika bayanai, da kuma wanka da wanki, don tabbatar da tsafta da tsawon rayuwa',
10260,' Lafiya, in ji Hausawa, uwar jiki ce',
10277,'  Haka lamarin yake a bangaren mu''amala da sarrafa wayar salula',
10294,'Kunnawa da Kashewa',
10311,' A duk sadda mai karatu ya sayi wayar salula sabuwa kar, abu na farko da ya kamata ya fara koyo daga gare ta shi ne yadda ake kunnawa da kashe wayar, domin abubuwan da za su fi maimaituwa a gare shi kenan yayin mu''amala da wayar',
10328,'  Bin ka''ida wajen kunnawa da kashe waya na daga cikin abubuwan da ke kara mata dogon kwana a hannunka',
10345,'  Tsarin kunna waya shi ne ka matsa maballin da ake kunna ta da shi, wanda bayanai suka tabbatar da cewa shi ne maballin da ake kunna ta da shi',
10362,' Kana iya ganin bayanan karara a cikin kundin da wayar ta zo da shi, wato Phone Manual',
10379,'  Galibinmu bamu cika damuwa da dubawa ko karanta wannan kundi ba, amma yana da amfani',
10396,'  A ciki ne za ka ga yadda ake kunnawa, da kuma maballin da ake matsawa don kunnawa',
10413,'  Haka idan kashewa ne, duk a ciki za ka gani',
10430,' Idan ka matsa maballin kunna wayar salula, sai ka jira har sai ta gama kunna kanta tukun',
10447,'  Za ka iya gane haka ta hanyar kulle kanta, idan ka sa mata makulli, wato Auto Lock kenan',
10464,'  Idan ba ka sa mata kowane irin kariya ba, za ka iya gane ta gama kunna kanta idan dukkan tambarin manhajojin da ke fuskar wayar suka gama bayyana',
10481,'  Misali, tambarin yanayin sadarwar, da tambarin harbawan batir, da tambarin agogo, da tambarin kamfanin sadarwa da dai sauransu',
10498,'  Sai duk sun gama bayyana sannan sai ka fara amfani da wayar; idan kira za ka yi, sai ka nemo lambar wanda kake son kira',
10515,'  Idan kuma ba kira za ka yi ba sai ka sa a aljihu ko jaka, misali',
10532,'  Amma kafin nan, zai dace ka tabbatar ta kulle kanta kamar yadda ta saba yi kafin ka sa a aljihu',
10549,' In kuwa ba haka ba, cikin kuskure kana iya dannawa ko matsa maballin kira alhali tana bude, a lokacin da ka jefa cikin aljhu, kuma nan take sai ta fara kiran wanda ka matsa lambarsa cikin kuskure, har ya dauka yayi ta halo, halo, baka sani ba',
10566,'Idan ka tashi kashe wayar salula zai dace ka rufe dukkan masarrafai ko manhajar da ka bude tukun',
10583,'  Misali, idan ka budo masarrafan rubuta sakonnin tes ne, kada kace za ka kashe wayar bayan baka rufe manhajar da ke bude ba',
10600,'  Wannan kuskure ne',
10617,'  Haka idan wakoki kake saurare, ka rufe manhajar kidin tukun, sannan kayi kokarin kashe wayar',
10634,'  Idan babbar waya ce wacce ake iya bude manhajoji sama da daya a lokaci daya, kamar wayoyin salula nau''in Smartphones, zai dace ka je Menu, ka tabbata kowace manhaja a rufe take',
10651,'  Duk manhajar da ba a rufe take ba za ga alama a saman tambarinta',
10668,'  Sai ka bude, ka matsa Exit daga hannun dama, don rufewa',
10685,' Sai ka tabbatar kowace manhaja a rufe take, sannan sai ka kashe wayar, ta hanyar matsa maballin da aka tanada don kashewa',
10702,' In kuwa ba haka ba, akwai manhajojin da za su iya samun matsala a sadda ka kashe wayar suna kunne',
10719,' Haka kwamfuta ita ma, muddin kana yawan kashewa ba tare da ka rufe masarrafan da ke bude ba, nan take suna iya samun matsala, kuma nan gaba idan ka tashi amfani da su za ka fahimci hakan',
10736,'  Don haka sai a kiyaye',
10753,'Adana Wayar Salula',
10770,' Adana wayar salula yana da kyau, tunda abin amfani ne kuma da kudi aka saya',
10787,'  A nan ina nufin inda ya kamata ka ajiye wayar salularka a sadda ba ka amfani da ita, ko kuma kake sauraren wani abu daga jikin wayar',
10804,'  Idan a ofis kake inda da''iman kana zaune ne a saman kujera, zai dace ka ajiye ta a saman teburin da kake, don duk wanda ya kira za ka ji kuma za gani',
10821,'  Idan tafiya kake zai dace ka sa a aljihu, muddin ba wangalallen aljihu bane, in kuwa ba haka ba, rikewa a hannu shi yafi',
10838,'  Idan a kwance kake kana iya ajiyewa a inda kake ganin ya fi dacewa',
10855,'  Kada ka ajiye wayarka a inda ba ka da tabbacin tsaro, musamman idan bako ne kai',
10872,'  Kada a ajiye a inda danshi zai iya samunta',
10889,'  Kada ka ajiye a inda kwazayin rana zai mata illa, ko inda raba zai iya zuba a kanta',
10906,'  Kada ka ajiye a inda kura zai iya shigewa cikinta',
10923,'  Kada ka ajiye a inda za ta iya zama fitina ga wasu, musamman idan mai tsada ce',
10940,'  Ka zama mai kaffa-kaffa da ita a duk inda kaje ko kake',
10957,'  Bayan haka, idan kana cikin jama''a ne, zai dace ka sa wayar  a yanayin da za ka iya fahimtar an kira ko tes ya shigo, ba tare da ka takura wa wadanda kake tare da su ba',
10974,'Tsarin Cajin Wayar Salula',
10991,'Abu ne sananne ga dukkan masu mu''amala da wayar salula cewa dole ne a rika sa wayar a caji don karin tagomashi da makamashin da za a dogara gare shi wajen aiwatar da ayyukan wayar',
11008,'  Idan sabuwa ce ka siya, ana son ka sa ta a caji har sai ta cika, sannan ka kunna',
11025,'Haka aka fi so',
11042,'  Har wa yau, kada ka rika sa wayarka a caji sai idan cajin yayi kasa sosai',
11059,'  Wannan na daga cikin abin da ke tabbatar mata da tsawon rayuwa ta bangaren karkon batirin',
11076,'  Amma na san da yawa daga cikinmu kan sa waya a caji ko da akwai caji a ciki, musamman saboda tsoron dauke wuta',
11093,'  Sai a gaskiya hakan na rage wa batirin karko',
11110,'  Kamar dan adam ne, bai kamata ya bukaci abinci ba sai yunta ta kama shi',
11127,'  Haka ruwan sha, sai kishi ya kama shi',
11144,'  Domin a lokacin ne abincin da abin shan za su fi masa aiki a jikinsa',
11161,'  Saboda ya ci ko sha su a lokacin da jikinsa ke da bukata',
11178,'  Don haka, yawan sanya waya a caji ba tare da cajin ya kare ba, kuskure ne',
11195,'  A bari sai caji yayi kasa, sai a sa',
11212,' A duk sadda za ka sa wayarka a caji a cikin jama''a, to, ya zama kana kusa',
11229,'  Kada ka bar wayar a kunne, tana caji, a kira ba ka kusa tayi ta damun jama''a',
11246,'  Wannan kuskure ne',
11263,'  Sannan idan ma kashewa kayi, kada ka tafi ka bar wayar, musamman idan baka aminta da yanayin wurin ba',
11280,'  In kuwa ba haka ba, za ka dawo ka tarar da na''urar caji kadai a sagale',
11297,'  Haka idan za ka bayar ne a wajen masu caji, kamar yadda galibi ake yi yanzu saboda matsalar wutar lantarki a kasar namu, to, zai dace ka kashe wayar, sannan ka bayar',
11314,'  Idan kuwa ba haka ba, za ayi ta kiranka alhali ba ka kusa',
11331,'  Wannan na iya sa mai cajin ya rika daga maka waya, wadanda ke kiranka kuma ba lalai bane su ji dadi, tunda kai suke son jib a wani ba',
11348,'  Kada a sa waya a caji, a bari har ta gama caji ba a cire ba',
11365,'  Idan kayi rashin sa a aka dauke wuta, nan take cajin da ka yi a baya zai zuke, musamman idan wayar a kashe take',
11382,'  Sannan kuskure ne idan wayarka na caji, ka amsa kira ba tare da ka cire a jikin wayar cajin ba',
11399,'  Akwai matsala yin hakan',
11416,' Duk sadda ka san za ka sa wayarka a caji musamman cikin dare, ta yadda ba za ka san sadda wayar za ta cika ba, to, ka kashe sautin wayar, sai ka barta a kunne',
11433,'  Ko da an dauke wuta misali, hakan ba zai cutar ba sosai',
11450,'  Amma idan a kashe take, nan take cajin zai zuke',
11467,'  Sai a kiyaye',
11484,'Tsarin Karba da Mika Bayanai',
11501,' Ta hanyar wayar salula, kamar yadda mai karatu ya sani, yana iya karban bayanai (rubutattu, da sauti, da bidiyo, da hotuna), sannan yana iya mika wa wasu, duk ta hanyoyin da aka killace don yin hakan',
11518,'  Akwai fasahar Bluetooth da Infra-red, kamar yadda bayanai suka gabata, sannan akwai amfani da tsarin GPRS, musamman a bangaren hotuna da mu''amala da fasahar Intanet',
11535,'  Abin da ake son mai waya ya kiyaye shi ne, ya san cewa akwai kwayoyin cutar wayar salula (Virus) da ke shawagi a wayoyin salula',
11552,'  Idan kayi rashin sa''a wanda ya turo maka bayanai daga wayarsa na dauke da kwayoyin cuta, to, nan take naka wayar za ta kamu',
11569,'  Idan kuwa ta kamu ba za ka iya ganewa da wuri ba, musamman idan kadan ne, har sai sun hayayyafa, sun fara tasiri a jikin wayar sannan za ta fara nunawa',
11586,'Daga cikin alamomin da ke nuna waya ta kamu da kwayoyin cuta kuwa akwai yawan saibi da nawa wajen kunnawa da kashewa',
11603,'  Akwai matsalar taskance bayanai',
11620,' Misali, idan ka zo adana hotuna ko bidiyo a ma''adanar waya ko ma''adanar katin waya, sai a ce maka "Memory is Full," alhali akwai sauran ma''adana a wayar ko katin wayar; duk wannan na cikin alamomin da ke nuna akwai matsala da babbar manhajar waya sanadiyyar kwayoyin cuta',
11637,'  Har wa yau, akwai matsalar yawan sandarewa da sumewa (Hanging)',
11654,'  Duk sadda ka ga wayarka na yawan sandarewa ko sumewa idan kana mu''amala da ita, to, ka san akwai matsala mai girma tare da ita',
11671,'  Musamman idan ya zama ba ka iya kashewa sai ka cire batir sannan take mutuwa',
11688,'  Har wa yau daga cikin manyan alamu shi ne, waya za ta rika kashe kanta tana kunna kanta',
11705,'  Duk sadda ka samu haka, to, lallai akwai matsala',
11722,'  Abu na karshe da zan iya hararowa shi ne hasarar bayanai daga ma''adanar waya ko ma''adanar katin waya',
11739,'  Ma''ana haka kawai ka nemi bayanan da ka taskance a waya ka rasa',
11756,'  Wadannan su ne kadan daga cikin matsalolin da ke samuwa idan wayar salula ta kamu da kwayoyin cuta',
11773,'  Hakan kuma ya fi samuwa ta hanyar musayar bayanai ta amfani da fasahar Bluetooth ko Infra-red ko kuma karbar ma''adanar katin wayar wani ka sa a wayarka',
11790,'  Sai a rika kiyayewa',
11807,'Wanka da Wanki',
11824,'Wayar salula na bukatar wanka da wanki',
11841,'  Amma fa ba irin wanka da wankin da Malam Bahaushe ya sani ba',
11858,'  Ana nufin tsaftacewa ta amfani da kayan wankewa da tsaftacewa',
11875,'  Idan kana da sinadarin Spirit, kana iya kwance wayarka, ka wanke murafenta da burosh, sannan ka goggoge inji da kyau, don kawar da dukkan kuran da ke ciki',
11892,'  Bayan haka, kada ka bari ruwa ya rika shiga cikin wayar, za ta sume har da sandare, in ma ba a yi sa''a ba ta haukace; sai an mata sabon zubin rai ta hanyar filashin da kwamfuta',
11909,' Idan ba za ka iya ba, ka kai wa mai gyaran waya ya wanke maka (ko sabis, kamar yadda suke cewa), ka biya ladan aiki',
11926,'  Wannan na cikin abin da zai dada taimakawa wajen kara mata kuzari da tagomashi',
11943,'  Kada ka bari sai ta fara baka matsala ka nemi wurin mai gyara',
11960,'  Watakila ma kura ne yayi mata yawa, sabis kawai take so, amma tunda baka sani ba, kana kaiwa sai yace ai sai an sake kaza da kaza, kana tafiya ya mata sabis shikenan',
11977,'  Ka ganta garau',
11994,'  Sai a kiyaye',
12011,'Wayar salula da Lafiyarka',
12028,' Bayan aiwatar da kira da karban kira, da sauran amfanoni da mai waya ke samu daga wayar salula, yana da kyau kuma a daya bangaren ya fahimci cewa, amfani da wayar salula ba tare da ka''ida ba na haifar da cutarwa ga lafiyar jiki',
12045,'  Wannan na samuwa musamman hatta a lokutan bacci, da kuma tasirin yawan kallo da yawan sauraro na tsawon lokaci',
12062,'Lokacin Bacci',
12079,' Galibin jama''a kan bar wayoyin salularsu a kunne a lokacin da za su kwanta, ko su sa a caji, ko su kashe, ko su kashe amon wayar, ko su sa ta a tsarin girgiza (Vibrating)',
12096,'  Wani yanayi ne yafi dacewa ga mai mu''amala?  Idan aka baiwa jama''a damar tattauna wannan zance, kowa zai fadi abin da yafi sha''awa ne, ko tsarin da ya saba da shi',
12113,'  Amma a hakikanin gaskiya, idan muka yi la''akari da lafiyar jiki, kashe amon wayar shi ne abin da yafi dacewa a lokutan bacci, ko da kuwa kai kadai kake kwanciya a dakin',
12130,'  Domin idan ka barta a kunne da amonta, a duk lokacin da aka kira ka cikin talatainin dare kana iya ji musamman idan kai ba mai zurfin bacci bane irin Baban Sadik',
12147,' To, sai dai kuma hakan na iya firgita ka, ka tashi a firgice',
12164,'  Watakila kiran ba wani mai mahimmanci bane',
12181,'  Haka idan kana kwanciya daki daya ne da iyalinka, yana iya firgita ta, ko da kai ba ka tasirantuwa da sautin',
12198,'  Balle a ce akwai jariri ko karamin yaro ko yara a inda kuke',
12215,'  Don haka, ko dai ka kashe amon wayar ne yayin kwanciya, ko kuma ka rage ta yadda kai kadai za ka iya ji',
12232,' Wasu kan ce ai barin amon waya cikin dare yana da amfani, domin idan wata ''yar gagggawa ta gitta ana iya nemanka ka tashi nan take, don kawo dauki',
12249,'  Sai dai kuma abin da za a lura shi ne, sau nawa hakan ke faruwa cikin ranaku?  Bayan haka, duk wanda zai kira ka cikin dare idan ba kai bane kace ya kira ka, ya san ba lokacin da ya dace  bane a kira mutum a cikinsa',
12266,'  Don haka ko da ya ji ba a daga ba, bai kamata ya damu ba',
12283,' Har wa yau kuma duk da cewa ba a son kwana da amon waya a kunne saboda guje wa samun firgici ga mai waya ko wanda ke dakin, haka kuma bai kamata mutum ya rika kashe wayarsa ba gaba daya cikin dare, sai in babu caji',
12300,'  Domin gwamma a kira baka ji amon waya ba, da a ce an kira wayar a kashe',
12317,'  Domin idan ka farka ka ga kiran da aka maka, nan take za ka so kira; musamman idan kira ne da ba a saba tsammanin shigowarsa cikin dare ba',
12334,'  Sannan, barin waya a tsarin girgiza (Vibration), shi ma yana iya mummunar tasiri wajen firgitar da mutum, sai ga wanda ya saba',
12351,'  Domin idan aka yi rashin sa''a mutum na halin mummunar mafarki sadda wayar ke girgiza, hakan na iya mummunar tasiri ga lafiyarsa, don a firgice zai farka',
12368,' Abu na karshe shi ne, in da hali, kafin mutum ya kwanta ya kamata ya tabbatar akwai kudi a katin wayarsa, domin hakan zai iya taimaka masa wajen sadar da kira cikin dare idan bukatar hakan ta taso',
12385,'  Bayan samuwar kudi a wayar, ya zama kuma akwai caji',
12402,'  Sannan kuskure ne a sanya waya a caji a kwanta barci',
12419,' Domin idan aka yi rashin sa''a batirin da ke wayar jabu ne ba ingantacce ba, kuma wayar ta gama caji ba a cire ta ba, tana iya fashewa ta kama da wuta',
12436,'  Haka ma kwamfutar tafi-da-gidanka',
12453,'  Muddin aka sa a caji, to a rika lura, da zarar caji ya cika, a cire',
12470,'  Shi ne zaman lafiya',
12487,' Da hasara, inji Bahaushe, gwamma kauyanci',
12504,'Sauraro da Kallo',
12521,' Wadannan dabi''un dukkan mai mu''amala da wayar salula ne, musamman a kasashen Turai da Asiya',
12538,'  Galibin kallace-kallace da sauraron kide-kide da wake-wake duk sun koma ta wayar salula yanzu',
12555,'  A halin tafiya ne ko a halin zaman gida',
12572,'  A kasashe masu tasowa irin namu, musamman da bayyanar wayoyin salula na kasar Sin masu saukin kudi da dan karen kara',
12589,' Galibin jama''a a yanzu sun samu sauki wajen kallon abin kallo na bidiyo, da sauraron dukkan wani abin da suke sha''awan sauraro, cikin sauki',
12606,'  Akwai wadanda aikinsa kawai shi ne loda wa wayoyin salula wakoki na sauti ko na bidiyo, musamman fina-finan Hausa da na Indiya da dai sauransu, cikin farashi mai rahusa',
12623,' A yayin da hakan ya zama sauki, yana da kyau kuma mu fahimci hadarinsa da tasirinsa ga lafiyar jiki',
12640,'  Yawan kallon fina-finai ko abin kallo a wayoyin salula musamman masu kananan fuska (Screen), kuma a cikin duhu ko cikin dare a inda babu haske, yana haifar da wani irin radadi a cikin ido, da radadi a goshi, wadanda samuwarsu ke nuna matukar gajiya irin ta kwakwalwa',
12657,'  Irin wannan dabi''a na tasiri matuka wajen haddasa mantuwa musamman ga mutumin da yake hadda',
12674,'Ba kuma zai samu natsuwa ba a galibin lokutansa',
12691,'  Idan wannan ya zama dabi''a a gare shi, zai yi wahala ya iya jure zama don karanta wani abu daga littafi',
12708,'Saboda ya saba da kallo',
12725,'  Don haka kwakwalwarsa ba ta iya jure komai in ba kallo ba',
12742,'  Sai a kiyaye',
12759,' Dangane da sauti mai karfi ko mai kara kuma, ya kamata mu fadaka',
12776,'  Ba kowane dan adam bane dodon kunnensa ke iya jure sauti mai karfi',
12793,'  Ya danganci tsari da kintsin halittarsa, da karanci ko yawan shekarunsa',
12810,'  A takaice dai, duk yadda mutum ya kai da iya jure sauti mai karfi a kunnensa, tsawon lokaci a cikin irin wannan yanayi na iya sa masa kurumtaka na wucin gadi',
12827,'  Za a wayi gari ba ya jin sautin wanda ke kusa da shi balle na nesa',
12844,'  Shi kanshi yawan jin kide-kide da wake-wake mara kangado na sangartar da kwakwalwar mutum, tare da soyar masa da yawan shantakewa',
12861,'  Sai a kiyaye',
12878,'  Duk abin da za a yi, a rika yinsa daidai ruwa daidai gari',
12895,'Kada a wuce gona da iri',
12912,'Wasu Jita-jita',
12929,' Dangane da abin da ya shafi amsa kira ta wayar salula, akwai jita-jita da wasu ke yadawa cewa, tururin sinadaran maganadisun rediyon lantarki (Radioactive Waves) da ke fita daga jikin wayar salula a yayin da ake aiwatar da sadarwa, wai yana haddasa cutar sankarar kwakwalwa, wato "Brain Cancer',
12946,'"  Wannan magana ko kadan ba haka take ba',
12963,'  An sha aiko tambayoyi kan haka',
12980,'  Ganin haka yasa na leka duniyar gizo don nemo tabbaci, amma babu abin da na samu ingantacce; sai jita-jita irin wadda ke yaduwa a kasashenmu',
12997,'  Tabbas akwai abin da ke fita daga jikin wayar salula idan mai waya na amsa kira ko aiwatar da kira, amma babu wani tabbataccen dalili ko bayani mai nuna cewa wannan tururi na maganadisun rediyon lantarki (Radioactive Waves) na haifar da wata cuta mummuna kamar yadda ake riyawa',
13014,' In ma akwai, to har yanzu bincike bai gano ko ba',
13031,'  Sai dai, kamar yadda na sha fada ne, duk abin da mutum zai yi a rayuwa, ba wajen mu''amala da wayar salula kadai ba, to ya yishi daidai ruwa daidai gari',
13048,'   Idan abu ne mai kyau, zai samu nishadi a yayin da yake yinsa, kuma zai dauki tsawon lokaci yana yi bai gaji ba',
13065,' Idan kuma mara kyau ne, Allah sawwake, zai yi wahala yayi mummunar sabo da shi, balle ya kasa barinsa',
13082,'  Allah sa mu dace, amin',
13099,'SHIMFIDA',
13116,'A lokaci guda kuma mai yuwuwa wasu su amfana da wasu abubuwa da ke ciki',
13133,'Sannan ‘ya’yan marigayiyar da jikokinta masu zuwa za su ji dadin samun wannan tarihi a kammale',
13150,' Musamman dayike muna lokaci ne na ‘internet’, matukar aka sanya shi a ‘net’ komin dadewa ana iya bincikawa kuma a sameshi',
13167,' Ta fuskar taskace tarihi kuma, Sayyid Zakzaky [H] yana cewa; ‘’Da kiyaye tarihi ne al’ummomi ke sanin tarihin kawukansu',
13184,'’’ Madalla da jagora abin koyi',
13201,'Allah [T] ka kwato mana su kuma ka kara masu lafiya da kariya ta musamman',
13218,'Masu sha’awar sake karanta wannan rubutu sai su shiga',
13235,'blogspot',
13252,'com  WACE CE MARIGAYIYA HAJARA IDRIS (GWAMMA)?  An haifi marigayiya Hajara Idris wacce aka fi sani da (Gwamma) a ranar alhamis 18/4/1985 a anguwar gwari da ke Suleja ta jihar Niger',
13269,'bayan ta dan tasa sai saka ta a makarantar muhammadiyya',
13286,'Bayan wani lokaci aka kai ta makarantar boko mai suna Ibrahim Dodo Priamary School',
13303,'a dai garin na Suleja',
13320,'ana cikin haka ne aka kai ta Kaduna wajen wata ''yar uwansu',
13337,'bayan ta zauna a can na wani dan lokaci sai aka dawo da ita Suleja (garin ta na haihuwa)',
13354,'Ta kamala makarantar ‘primary’ a shekarar 2001 kuma a wannan lokaci ne aka yi mata aure',
13371,' daga nan sai ta fara karatun ''Secondry'' a Girlsday Secondry School, Suleja kuma ta kammala a shekarar 2007',
13388,' bayan ta haifi ''ya''ya uku duk mata, wadanda suka hada da: Maryam, Surayyah da kuma Nusaiba, sai auren nata ya mutu',
13405,' a wannan lokaci ne ta sake komawa hannun mai rukonta, dan uwan ta kuma yayan ta, wato Malam',
13422,'Husaini Musa Barde',
13439,'a hannunsa ne ta  fahimci harkar musulunci a Nigeria karkashin jagorancin Shaikh Ibraheem Zakzaky (H)',
13456,' a wannan lokaci ne ni Nura Ibrahim Khalil, Zaria na ganta na aure ta',
13473,' ta haifa mani ''ya''ya hudu, mace daya, maza uku',
13490,' Na faro ita ce Amina (Sister) ta rasu, Aliyu (Haidar) yana raye',
13507,' sai tagwaye Hasan (Mujtaba) ya rasu, amma Husaininsa (Imam ko Ruhullah) yana raye',
13524,'Hajara Idris na cikin matan da sojojin Nigeria suka kama suka kai su bariki tsawon kwanaki',
13541,' a yunkurinsu na kai dauki gidan jagora a Gyellesu, Zaria, lokacin da sojojin suka kaddamar da harin kisan kiyashi kan ''yan uwa musulmi almajiran Shaikh Zakzaky (H) ranar 12 - 14 ''December 2015 a Zaria',
13558,'Hajara Idris harisa ce tsayayyiya kuma wakilya ce a inuwar mata almajiran Shaikh Zakzaky (H) wato fatimiyya forum na da''irar Suleja',
13575,'sannan wakiliya ce a hadaddiyar inuwar mata na harkar musulunci a Nigeria reshen Suleja',
13592,'ta rasu ne sakamakon jinya a dalilin haihuwan wadannan tagwaye',
13609,'ta rasu cikin daren lahadi 1/3/1439H (19/11/2017)',
13626,'   SHAIDARMU AKAN MARIGAYIYA HAJARA IDRIS: A littafin kanzul-ummal, juzu''i na 6, shafi na 217 hadisi na 3,819 Manzon Allah (S',
13643,'W) yana cewa: "Wanda ke fatan ya rayu kuma ya koma ga Allah kamar ni, ya mika wilayarsa ga Ali Dan Abi-Dalib (AS))’’',
13660,'Mun shaida Hajara Idris ta koma ga Allah tana da cikakken wilaya ga Amirul-muminina Ali Dan Abi-Dalibi (AS)',
13677,'ana kuma yin kyawawan mafarkai da ita',
13694,' Marigayiya Hajara Idris tana da hakuri, kunya, yakini akan batun lahira, tausayi, tsafta da kuma himma ga duk abinda ta sanya a gaba',
13711,'(takan so ba''a idan tana cikin nishadi)',
13728,' Kafin ita, ban taba cin wani abinci ko shan wata miya mai dadi kamar nata ba',
13745,' kafin ta rasu ita ta fadi wadanda za su yi mata wanka, nau''in likkafanin da za a sa mata, makabartar da za a bisne ta da kuma wacce za ta rike ''ya''yanta wato Aliyu (Haidar) da kuma Husaini (Imam ko Ruhullah)',
13762,'ta kuma nemi yafiyata a duk wani laifin da ta yi mani kuma na yafe mata',
13779,'Muna rokon duk wanda ya karanta wannan rubautun ya yi wa wannan baiwar Allah salati goma ga Annabi [S',
13796,'W] da nufin Allah [T] ya kai ladan ga ruhinta',
13813,'masu sha''awar kasancewa a dandalin tunawa da marigayiya Hajara Idris Memorial Forum su ziyarci wannan shafi da aka kirkira tun ranar da ta rasu domin tunwa da ita: www',
13830,'facebook',
13847,'com/hajaramamarhaidar  JADDADA GODIYA TA DA BAN-GAJIYA Ina jaddada godiya ga Allah (T) sarkin da ya yi rayuwa da mutuwa',
13864,' kuma ina salati adadi mai yawa ga Manzon Allah (SAWA), Manzon da Allah ya aiko domin kyautata rayuwa da kuma inganta makoma',
13881,' Ina kara jaddada godiya ta maras adadi ga ''yan uwa da abokan arziki na kusa da kuma nesa bisa samun damar halartar jana''izar mata ta Hajara Idris wacce aka fi sani da Gwamma, wacce ta rasu sakamakon jinya a dalilin haihuwa a daren lahadi, 1 ga watan rabi''ul-Awwal 1439H dai-dai da 19/11/2017',
13898,'aka kuma yi mata jana''iza ranar litini da safe',
13915,' Sannan ina jaddada godiya ga dukkan wadanda suka taimaka ta kowace siga, tun lokacin da ta fara jinya har lokacin da Allah ya yi mata cikawa',
13932,' ba kuma zan manta da ''yan uwa mata ba, tun daga wadanda suka yi mata wanka da dukkan wadanda suka zo daga ko''ina',
13949,' hazalika, ba zan manta da dukkan wadanda suka zo mana gaisuwa a nan Suleja da kuma wajen mahaifi na a gidanmu da ke cikin Zaria ba',
13966,'ina kuma jaddada godiya ta ga abokai na na ''social-media'' wadanda suka yi mani gaisuwar wannan rashi ta yanar gizzo',
13983,' Harwalayau! ina kara godewa wadanda suka samu damar zuwa wajen addu''ar uku da aka yi, a nan Suleja da kuma can Zaria',
14000,'A karshe ina kara jaddada godiya ta ga editan almizan Malam',
14017,' Ibrahim Musa, ma’aikatan Al-wilaya TV Hausa, Mrs',
14034,' Shehu, Suleja da sauran wadanda yanayi ba zai bari in ambaci sunayensu ba',
14068,'Nagode!!! Allah ya saka maku da jannatul-firdausi',
14085,'  ---Nura Ibrahim Khalil, Zaria (Baban Haidar/Mijin marigayiya)  29/12/2017 Hanyar tuntuba: 08033718219',
14102,'MA’U- SHIFA HALAL HERBAL MEDICINE AND RESEARC CENTER',
14119,'Assalamu Alaikuma! Shahararren Cibiyar Nan Nan Mai Suna Halal Habal Medicine And Research Mai Fitar Da Magunguna Da Sunan ''Ma''u-Shifa'' Ta Dr',
14136,'Zakariyya Mika''il Bata Fito Ba Sai Da Ta Shirya Don Kawo Maku Ingantattun Magungunan Cututtukan Da Ke Damun Ku',
14153,'Zakariyya Shahararren Mai Bincike Ne Akan Harkar Kiyon Lafiyar Dan-Adam Kuma Kwararre Ne Wajen Hada Magun-gunan Cuttukan Da Ke Damun Al''umma A Wannan Nahiya Tamu',
14170,'GA KADAN DAGA CUTUTTUKAN DA KE YAWAN ADDABAN AL''UMA DA KUMA ALAMOMINSU:',
14187,'TYPHOID: Duk Wanda Zazzabin Typhoid Ta Kama Shi Zai Rika',
14204,'ALAMOMIN ZAZZABIN ASMA: Zazzabin Asma Na Haddasa * Yawan Zuban Majina Daga Hanci * Kaikayin Ido * Kaikayin Baki * Kaikayin Jiki * Yawan Atishawa Da Kuma * Yawan Gajiya',
14221,'SAI ZAZZABIN CIZON SAURO: Alamomin Wanda Ya Kamu Da Zazzabin Cizon Sauro Yana Kasancewa ne Kamar Haka: * Yawan Makyarkyata * Jin Dari * Ciwon Kai',
14238,' * Tashin Zuciya * Amai Da Kuma * Ciwon Ciki',
14255,'CIWON ULCER',
14272,' * Kuna Mai Radadi A Ciki, Idan Aka Jima Ba A Ci Abinci Ba Ko Kuma Cikin Dare * Kunar Zuciya * Yawan Hutu [tusa] * Tashin Zuciya * Amai ',
14289,'ASMA: Shima Wanda Ya Kamu da Ciwo Asma Zai Rika Jin Wasu Alamomi Kamar Haka: * Yawan Tari Cikin Dare * Katsewar Numfashi * Zafin Kirji * Radadi A Cikin Kirji * Yin Wani Irin Numfashi Mai Kara Kamar Ana Hura Usur',
14306,' TOILET INFECTION: Duk Macen Da Wannan Cuta Ta Kama Ta, Za Ta Rika Ganin * Farir Ruwa Na Fitowa A Gabanta * Kuraje * Jin Zafi A Yayi Fitsari Ko Saduwa ',
14323,' MATSALAR KWAKWALWA: Muna da hadi na musamman ga masu masalar kwakwalwa wanda ke faruwa sakamako Shaye-shaye',
14340,'  IDAN AKA LURA ZA A RIKA GANIN  MAGUNGANANMU  WAJEN MASU  TALLANMU SUNA ZAGAYAWA DA SHU,  KUSAN KALA UKU: Na Farko Shine Maganin Typhoid Wanda Ya Ke Wa Dan-Adam Maganin Ciwuwwuka Kusan Shida',
14357,'Na Farko Shi ne Zazzabin Typoid Din Kansa',
14374,' Na Biyu Ciwon Shawara, Na Uku Zazzabin Asma, Na Hudu Zazzabin Cizon Sauro, Na Biyar Rashin Iya Cin Abinci, Na Shida Rashin Kuzari',
14391,' YADDA AKE AMFANI DA MAGANIN MAGANIN: Babba Ya Sha Gora Biyu A Yini, Yara Kuma Su Sha Gora Daya A Yini',
14408,'Farashin Wannan Maganin Mai Suna Ma''u-shifa Cure For Typhoid Naira  Dari #100 ne Kacal Kuma Insha''Allahu Idan Aka Yi Amfani Da Maganinmu Za A Yi Wa Allah Godiya',
14425,'SANNAN MUNA DA MA''U- SHIFA CURE FOR ULCER: Shi Kuma Wannan Maganin Ulsa Ne Wanda Aka Yi Masa Hadi Na Musamman',
14442,' Sannan Baya Ga Ciwon Ulsa Yana Kuma Maganin Basir, Shawara Da Kuma Ciwon Ciki',
14459,'YADDA AKE AMFANI DA MAGANIN: Babba Ya Sha Gora Biyu A Yini Ya Kuma Su Sha Gora Daya A Yini',
14476,'Shima Farashinsa Naira Dari Ne #100 Kacal',
14493,'Mutane Da Yawa Sun Gwada Wannan Magani Sun Yi Wa Allah Godiya',
14510,' MA''U-SHIFA CURE FOR ASMA: Harwalayau! Wannan Cibiya Ta Tanaji Magani Na Musamman Ga Masu Ciwon Asma Wanda Maganin Ciwon Asma Ne Kai-Tsaye Amma A Lokaci Goda Yana Maganin Ciwon Hakarkari, Matsalar Numfashi, Tari Da Kuma Sanyi',
14527,'YADDA AKE AMFANI DA MAGANIN SHINE: Babba Ya Sha Gora Biyu A Yini Yara Kuma Su Sha Gora Daya A Yini',
14544,'Duk Da Kyawun Wannan Magani Farashinsa Dai Shima Naira Dari Ne #100 Kacal! Sai An Gwada Akan San Na Kwarai',
